{"0.9184566447013098":{"user_id":0},"0.2318815723219796":{"user_id":0},"0.1190239361575125":{"user_id":0},"0.7996967077062436":{"user_id":0}}